{
 "judge": "command-a-03-2025",
 "eta": 0.6296296296296295,
 "theta_star": 0.5,
 "miss": [
  0.037037037037037035,
  0.6666666666666666,
  0.5185185185185185,
  0.48148148148148145
 ],
 "n_viol": 27
}