check,delta,tau,mean_unsafe,p95_unsafe,pass
C1,0.01,0.0005,0.00985,0.02752,True
C1,0.02,0.001,0.01942,0.04727,True
C1,0.05,0.0025,0.04859,0.08977,True
C1,0.1,0.005,0.09512,0.14151,True
C1,0.2,0.01,0.18154,0.24277,True
